"id_campo","nome_campo","informacao_preenchida","fonte","arquivo","pagina_pdf","secao_pdf","aba_xlsx","celula_ou_intervalo_xlsx","trecho_ou_descricao_da_evidencia","tipo_de_evidencia","grau_de_confianca","justificativa_do_grau_de_confianca","ha_divergencia_sim_nao","descricao_da_divergencia","observacao_para_validacao_humana"
"identificacao","Objeto da PPP","Reforma, equipagem, operacao e manutencao do CAFF + receitas acessorias","Documental","Analise de Value for Money (Produto 10, 10/03/2026)","4","Apresentacao","-","-","'reforma, equipagem, operacao e manutencao ... do CAFF'","texto","Alta","Texto expresso no objeto do estudo","Nao","-","-"
"modalidade","Modalidade","Concessao Administrativa (PPP, Lei 11.079/2004)","Documental","Analise de Value for Money (Produto 10, 10/03/2026)","4/2","Apresentacao/capa","-","-","'Parceria Publico-Privada (PPP) na modalidade Concessao Administrativa'","texto","Alta","Expresso","Nao","-","-"
"prazo","Prazo do contrato","30 anos","Documental","Apresentacao CGCPPP CAFF (17/03/2026)","16/27","Contrato/Licitacao","00. PAINEL","E10/G10","'PRAZO 30 anos' e XLSM Prazo Contrato=30","texto+celula","Alta","Confirmado em PDF e XLSM","Nao","-","-"
"capex","CAPEX total do projeto","R$ 1,33 bilhao (~R$ 5,7 mil/m2)","Documental","Apresentacao CGCPPP CAFF (17/03/2026)","18","CAPEX e Faseamento","00. PAINEL","G21/G19","'CAPEX total de R$ 1,3 bilhao'; XLSM Invest total 1.291,6 mi","texto+celula","Alta","Expresso na apresentacao; XLSM proximo (1,29-1,33 bi conforme escopo de reinvest.)","Sim","CAPEX 1,33 bi (apr.) vs Invest. total 1.291,6 mi (XLSM G21) vs Invest. obrigatorio 1.115,6 (G12)","Conferir escopo: obrigatorio vs total c/ reinvestimentos"
"opex.atual","Custo OPEX atual do Estado (CAFF)","R$ 30,95 mi/ano (R$ 294/m2)","Documental","Modelo CAFF 2026.03.16_v2.xlsm (16/03/2026)","-","-","00. PAINEL DE RESULTADOS","G28/G29","'OPEX Atual CAFF (para referencia) = 30,95'","celula","Alta","Valor explicito em celula do painel do modelo","Nao","-","Unico dado de custo ATUAL desagregado disponivel"
"opex.projeto","OPEX do projeto (PPP)","R$ 80,6 mi/ano total (60,7 obrig.+13,6 rec.aces.+6,3 adm)","Documental","Apresentacao CGCPPP CAFF (17/03/2026)","19","OPEX","00. PAINEL","G23","Apresentacao 'OPEX R$ 80,6 mi/ano'; XLSM OPEX obrig. 58,7","texto+celula","Media","Apresentacao da o total; XLSM isola o obrigatorio","Sim","OPEX total 80,6 (apr.) vs obrigatorio 58,7 (XLSM G23)","Conciliar perimetro de OPEX"
"contraprestacao","Contraprestacao publica","R$ 262,3 mi/ano (R$ 21,86 mi/mes)","Documental","Apresentacao CGCPPP CAFF (17/03/2026)","4/24","Contraprestacao","00. PAINEL","G38/G33","'Contraprestacao mensal max R$ 21,86 mi'; XLSM 262,3/ano","texto+celula","Alta","Confirmado PDF+XLSM","Sim","262,0 mi (VfM PDF Tab.1) vs 262,3 mi (XLSM G38)","Diferenca de arredondamento"
"taxa_desconto","Taxa de desconto (TSD)","8,5% real a.a.","Documental","Analise de Value for Money (Produto 10, 10/03/2026)","18","3.1 Taxa de desconto","12. Affordability e VfM","G7/G8","'Taxa Social de Desconto de 8,5% ao ano'","texto+celula","Alta","Expresso e confirmado em celula","Nao","-","-"
"wacc","WACC real (privado)","10,23%","Documental","Apresentacao CGCPPP CAFF (17/03/2026)","26","Benchmarks","00. PAINEL","G42","'WACC Real Medio 10,23%'; TIR projeto 10,23%","texto+celula","Alta","Expresso","Nao","-","Nao confundir com TSD (usada no VfM)"
"vfm","Value for Money","R$ 188,5 mi (modelo) / R$ 192,7 mi (Produto 10)","Documental","Analise de Value for Money (Produto 10, 10/03/2026)","35/23","4. Resultado VfM","12. Affordability e VfM","G27","VfM PDF 192,7; XLSM G27=188,47; apr. 188,5","texto+celula","Media","Valor depende da versao do modelo","Sim","VfM 192,7 mi (PDF 10/03; PSC 1.937,4/PPP 1.744,7) vs 188,5 mi (XLSM 16/03 e apr. 17/03; PSC 1.904,7/PPP 1.716,2)","CONCILIAR antes do edital - usar a versao mais recente (XLSM/apresentacao)"
"psc","PSC (contratacao tradicional)","R$ 1.904,7 mi (XLSM) / 1.937,4 mi (PDF)","Documental","Analise de Value for Money (Produto 10, 10/03/2026)","32","3.3.5 VP do PSC","12. Affordability e VfM","G24","Decomposto: Invest+Desp+Aditivos+Transacao+Atraso-Receitas","texto+celula","Media","Comparador de ciclo de vida (nao e custo atual)","Sim","Ver linha 'vfm'","PSC = execucao publica do PROJETO completo, nao operacao atual"
"custo_ppp","Custo da PPP (VP)","R$ 1.716,2 mi (XLSM) / 1.744,7 mi (PDF)","Documental","Analise de Value for Money (Produto 10, 10/03/2026)","24","3.2.4 VP custos PPP","12. Affordability e VfM","G16","Contraprestacao - Neutralidade + Gestao","texto+celula","Media","Depende da versao","Sim","Ver linha 'vfm'","-"
"neutralidade","Neutralidade competitiva","-R$ 462,4 mi VP (PIS/COFINS/ISS/IRPJ/CSLL)","Documental","Analise de Value for Money (Produto 10, 10/03/2026)","23","3.2.3","12. Affordability e VfM","G15","'tributos ... subtraidos do fluxo da PPP'","texto+celula","Alta","Expresso e em celula","Sim","-459,1 (PDF) vs -462,4 (XLSM)","Ajuste metodologico - custo imputavel ao Estado"
"gestao_contratual","Gestao contratual (custo imputavel)","R$ 453,4 mil/ano (VPL R$ 4,9 mi)","Documental","Analise de Value for Money (Produto 10, 10/03/2026)","21","3.2.2 Tabela 2","12. Affordability e VfM","G14","Tabela 2: equipe de gestao contratual","tabela+celula","Alta","Tabela detalhada por cargo","Nao","-","Custo direto do Estado na PPP"
"atraso_obras","Custo de atraso (PSC)","R$ 16,3 mi VP (iPrazo RS 3,27; atraso ~7 anos)","Documental","Analise de Value for Money (Produto 10, 10/03/2026)","28-30","3.3.3","12. Affordability e VfM","D19/G22","'iPrazo 3,27 ... atraso de 7 anos'; alugueis externos","texto+celula","Alta","Metodologia explicita","Nao","-","Aplicado so ao PSC"
"transacao","Custo de transacao (PSC)","R$ 1,5 mi VP (18 contratos, R$ 28.918,40/licitacao)","Documental","Analise de Value for Money (Produto 10, 10/03/2026)","31","3.3.4","12. Affordability e VfM","D18/D26/G21","'ate dezoito fornecedores ... R$ 28.918,40 por licitacao'","texto+celula","Alta","Metodologia explicita","Nao","-","-"
"receitas_acessorias","Receitas acessorias","R$ 41,3 mi/ano max; VPL no PSC R$ 121,2 mi (65-75% do privado)","Documental","Analise de Value for Money (Produto 10, 10/03/2026)","26-27/40","3.3.1/4.1","12. Affordability e VfM","G32/D45-D48","Aluguel comercial 78, corporativo 65 R$/m2 (cenario base)","texto+celula","Alta","Tabela de sensibilidade","Nao","-","Fator de eficiencia publica 65-75%"
"affordability","Comprometimento da RCL","0,49% (limite legal 5%)","Documental","Analise de Value for Money (Produto 10, 10/03/2026)","38-39","4. Affordability Tab.4","00. PAINEL","G47","RCL 2025 R$ 65.233 mi; limite 3.261,65; 0,49%","texto+celula","Alta","Tabela 4 explicita","Sim","RCL 65.233 mi (PDF Tab.4) vs RCL modelo 56.500 mi (XLSM I99)","Conferir RCL de referencia"
"garantias","Garantias publicas","FPE como garantia subsidiaria + RRF; vinculacao de receitas (Anexo IX)","Documental","Apresentacao CGCPPP CAFF (17/03/2026)","16/38","Contrato/Parecer","-","-","'Utilizacao do FPE como garantia subsidiaria e aplicacao do RRF'","texto","Alta","Expresso no parecer previo","Nao","-","Detalhar no contrato de garantia"
"verificador","Verificador Independente","Previsto - relatorios trimestrais; aferição do ID","Documental","Apresentacao CGCPPP CAFF (17/03/2026)","17","Verificacao Independente","-","-","'atuacao do Verificador Independente'; Anexo IV/X","texto","Alta","Expresso","Nao","-","Custo nao isolado nos documentos"
"mecanismo_pagamento","Mecanismo de pagamento","CME = CMMax x FDISP x FID (FID 80-100%, trimestral)","Documental","Apresentacao CGCPPP CAFF (17/03/2026)","24","Contraprestacao Mensal Efetiva","-","-","'CME = CMMAX x FDISP x FID'","formula","Alta","Formula expressa (Anexo VI)","Nao","-","-"
"riscos_transferidos","Riscos transferidos ao privado","Projeto, Construcao, Financiamento, O&M, Ciclo de vida, Ambiental, Econ-fin","Documental","Analise de Value for Money (Produto 10, 10/03/2026)","13-14","2.1 Transferencia de riscos","-","-","Lista de 7 categorias de risco transferidas","texto","Alta","Lista expressa","Nao","-","Matriz de risco detalhada no Anexo VII (nao fornecido)"
"melhorias_qual","Melhorias qualitativas","Transferencia de riscos; qualidade; eficiencia; reversibilidade (+ apresentacao)","Documental","Analise de Value for Money (Produto 10, 10/03/2026)","12-16","2. Analise Qualitativa","-","-","4 vantagens qualitativas + beneficios da apresentacao","texto","Alta","Secao dedicada","Nao","-","Ver 21_matriz_melhorias_qualitativas.csv"
"desapropriacao","Desapropriacoes","Nao aplicavel relevante (terreno publico existente)","Inferencia","Apresentacao CGCPPP CAFF (17/03/2026)","4/8","Visao geral","-","-","Complexo CAFF existente; terreno do Estado (122.051 m2)","texto","Media","Inferencia: nao ha mencao a desapropriacao","Nao","-","Confirmar inexistencia de aquisicoes de area"
"aporte","Aporte publico","Nao aplicavel (n.a. no benchmark)","Documental","Apresentacao CGCPPP CAFF (17/03/2026)","26","Benchmarks","-","-","Linha 'Aporte' do CAFF = n.a.","tabela","Media","Indicado n.a. na tabela de benchmark","Nao","-","Confirmar ausencia de aporte no edital"
"custo_estruturacao","Custos de estruturacao","Estruturacao via BNDES (OCS 330/2024); ressarcimento via investimento/B3","Documental","Analise de Value for Money (Produto 10, 10/03/2026)","26/2","3.3.1/capa","-","-","'remuneracao dos estudos e da B3' expurgada do PSC","texto","Media","Expresso, sem valor isolado","Nao","-","Obter valor da remuneracao de estudos"
