"melhoria_qualitativa","situacao_atual_do_servico","situacao_esperada_com_ppp","evidencia_documental","localizacao","relevancia_para_o_estado","impacto_esperado","mensuravel_sim_nao","indicador_relacionado","observacoes","conclusao"
"Transferencia de riscos ao privado","Estado retem todos os riscos (projeto, obra, financiamento, O&M)","Riscos de projeto/construcao/financiamento/O&M/ciclo de vida/ambiental transferidos ao privado","Analise de Value for Money (Produto 10, 10/03/2026)","p.13-14 (2.1)","Essencial","Reducao da exposicao fiscal e de execucao do Estado","Nao (qualitativo)","Matriz de risco (Anexo VII)","Principal racional economico do VfM","Justifica plenamente a PPP"
"Garantia do nivel de qualidade do servico","Servico fragmentado, sem padrao de desempenho aferido","Indicadores de desempenho + Verificador Independente + penalidades; remuneracao atrelada a performance","Analise de Value for Money (Produto 10, 10/03/2026) / Apresentacao CGCPPP CAFF (17/03/2026)","VfM p.15 / apr. p.17,24","Essencial","Qualidade aferida e pagamento por desempenho","Sim","Indice de Desempenho (ID); FID 80-100%","Mecanismo CME=CMMax x FDISP x FID","Justifica eventual maior custo (aqui ja e mais barata)"
"Celeridade na entrega","Atraso historico de obras publicas (iPrazo RS 3,27)","Remuneracao so apos operacao; alinhamento de incentivos para entrega no prazo","Analise de Value for Money (Produto 10, 10/03/2026)","p.11,15,28","Essencial","Reducao de ~7 anos de atraso potencial","Sim","iPrazo / cronograma de fases","Atraso evitado avaliado em R$ 16,3 mi VP","Essencial - impacto direto a sociedade"
"Alocacao mais eficiente de recursos","Ate 18 contratos paralelos relicitados periodicamente","Contrato unico integrado (projeto+obra+O&M)","Analise de Value for Money (Produto 10, 10/03/2026) / Apresentacao CGCPPP CAFF (17/03/2026)","VfM p.16 / apr. p.31","Alta","Reducao de custos de transacao e de gestao","Sim","Nº de contratos / custo de licitacao","Custo de transacao do modelo atual R$ 1,5 mi VP","Relevante"
"Reversibilidade do ativo","Ativos publicos sem garantia de manutencao de padrao","Reversao ao Estado em padrao de desempenho adequado apos 30 anos","Analise de Value for Money (Produto 10, 10/03/2026)","p.16 (2.4)","Alta","Patrimonio recuperado e mantido","Nao","Indicadores de reversao (Anexo)","Incentiva manutencao adequada","Relevante"
"Modernizacao da infraestrutura administrativa","Instalacoes antigas a requalificar","Instalacoes modernas, seguras e sustentaveis","Apresentacao CGCPPP CAFF (17/03/2026)","p.5","Alta","Melhoria de ambiente e eficiencia energetica","Parcial","Eficientizacao energetica","Premium Solution (eficiencia energetica)","Relevante"
"Resiliencia climatica","Vulnerabilidade evidenciada nas enchentes de 2024","Novas diretrizes de drenagem e infraestrutura verde","Apresentacao CGCPPP CAFF (17/03/2026)","p.5-6","Alta","Reducao de risco de interrupcao por eventos climaticos","Nao","-","Diretriz projetual pos-2024","Relevante (contexto local critico)"
"Requalificacao urbana","Complexo fechado (cercas), desconectado da cidade","Abertura a cidade, integracao a malha urbana de Porto Alegre","APR","p.4-6,29-34","Media","Beneficio urbano e de mobilidade","Nao","-","Externalidade positiva","Relevante (acessoria ao VfM)"
"Centralizacao de secretarias","Secretarias dispersas em imoveis alugados externos","Centralizacao no complexo, fim de alugueis externos","Apresentacao CGCPPP CAFF (17/03/2026) / Modelo CAFF 2026.03.16_v2.xlsm (16/03/2026)","apr. p.5 / XLSM '12' D30-D41","Alta","Economia recorrente de alugueis (~R$ 4,08 mi/ano) e melhor atendimento","Sim","Custo de locacao externa","Alugueis externos hoje R$ ~4,08 mi/ano","Relevante e mensuravel"
